id,session_id,player_id,team,position,points,is_winner
aa662d94-187f-445b-8796-6139ceaf3d49,0075b72f-b35c-4ca5-819f-d31be15162df,3c46dbff-adaf-4781-812e-3ac1be41114b,COOP,,0.0,1
db7ef8d4-5c71-4924-9c3c-a5990e3dd9b0,0075b72f-b35c-4ca5-819f-d31be15162df,528b549f-1743-45d2-aeb7-6dcad553e403,COOP,,0.0,1
0675fec7-9d25-41b4-8268-bf0ed4420fe9,00f55234-3b52-4fe4-9680-210863eef02e,0adcf663-60e0-4211-892e-245db6dd38db,A,,0.0,0
205b1faf-2e48-40fb-88d1-bd42554a7d57,00f55234-3b52-4fe4-9680-210863eef02e,3958cc97-5507-421f-a821-fd80cc9e7f7f,A,,0.0,0
5f6fdc66-5ec5-4bbf-b40a-cbc37f3d5f7a,00f55234-3b52-4fe4-9680-210863eef02e,3c2deced-ddd6-49e8-b3cf-5d1dfb04d45f,A,,0.0,0
d2b5c773-1cd5-4dd7-9fd4-691e95569e2e,00f55234-3b52-4fe4-9680-210863eef02e,3c46dbff-adaf-4781-812e-3ac1be41114b,B,,0.0,1
3a4ba484-0c9c-4bf3-8406-41b213813d21,028b0722-d5bc-40f9-875e-b17b2cbe4191,3c46dbff-adaf-4781-812e-3ac1be41114b,,1,2.0,1
e065214b-55b3-4b7d-aca7-0d303ed185b1,028b0722-d5bc-40f9-875e-b17b2cbe4191,3d63287a-93a2-4808-bf9b-66d046ab1eb1,,2,1.0,0
9d101faf-2e93-4fd9-95c7-4dd5897a2310,02dc212c-80b9-4fdb-8138-364a0cc33bf7,3c46dbff-adaf-4781-812e-3ac1be41114b,SOLO,,3.0,1
40b9a0ec-e916-45ff-8a97-a82e9b9dbdb9,09dec712-64a0-428d-84a6-cb3cf8214947,81c8c447-cbaf-4be5-9101-9edee26637e3,COOP,,0.0,0
886f9343-a8ce-4f41-880b-2b049293053d,09dec712-64a0-428d-84a6-cb3cf8214947,3c46dbff-adaf-4781-812e-3ac1be41114b,COOP,,0.0,0
ded56174-0a44-4644-9766-955740acf205,11e8bb81-a822-4e25-a4b7-e08c6f27c705,4b99fd4d-39d2-45c3-80cb-01ae57e2a6b9,COOP,,0.0,0
f4eabd22-7559-4e92-8aa2-55b414df324a,11e8bb81-a822-4e25-a4b7-e08c6f27c705,3c46dbff-adaf-4781-812e-3ac1be41114b,COOP,,0.0,0
4c941204-b41e-43f2-9aa5-58bbe5ac2796,131b44a4-37a3-425c-a25b-ac353a0c808f,3958cc97-5507-421f-a821-fd80cc9e7f7f,,1,104.0,1
04d3b63b-f03c-476e-ad73-923165575b03,131b44a4-37a3-425c-a25b-ac353a0c808f,3c46dbff-adaf-4781-812e-3ac1be41114b,,2,97.0,0
6f751067-00ac-4157-8a69-fd71d4620a5d,1524b2bd-235e-415d-a660-91ede90eea16,0adcf663-60e0-4211-892e-245db6dd38db,COOP,,0.0,0
af7a1bca-448c-4030-aafc-658fdc4d4065,1524b2bd-235e-415d-a660-91ede90eea16,3c46dbff-adaf-4781-812e-3ac1be41114b,COOP,,0.0,0
34646ef2-b862-4e7d-8c38-9fb80fe0ed9a,1542b8a8-3216-4c1e-82a7-f09936304b04,6fa73c67-b39d-4270-9aa2-971adca9aaf9,COOP,,1.0,1
3de41d2f-eedc-442e-b178-e45fa82fa399,1542b8a8-3216-4c1e-82a7-f09936304b04,3c46dbff-adaf-4781-812e-3ac1be41114b,COOP,,1.0,1
0ccea585-5e51-4403-bcbb-0f3118dc11c8,159a3025-a86a-4865-ac0c-96343ab6e9dc,4b99fd4d-39d2-45c3-80cb-01ae57e2a6b9,A,,0.0,1
3b61ece9-f722-4e98-96c4-e50ae8df1861,159a3025-a86a-4865-ac0c-96343ab6e9dc,3c46dbff-adaf-4781-812e-3ac1be41114b,A,,0.0,1
97295820-6825-44e1-9a98-94b5c3e670f1,159a3025-a86a-4865-ac0c-96343ab6e9dc,81c8c447-cbaf-4be5-9101-9edee26637e3,B,,0.0,0
c9f10356-23b6-4ad4-bcd2-77abf8df8b77,159a3025-a86a-4865-ac0c-96343ab6e9dc,fd56f26f-34b0-47b4-9e1e-d6c18ea5634d,B,,0.0,0
067ee4c9-8ed1-4120-bdfc-e5876c163a50,193a5fe2-eb65-48d4-b9d4-f503bc5a3b55,3c46dbff-adaf-4781-812e-3ac1be41114b,COOP,,0.0,1
837bd585-3d51-4611-8442-b652448987b4,193a5fe2-eb65-48d4-b9d4-f503bc5a3b55,81c8c447-cbaf-4be5-9101-9edee26637e3,COOP,,0.0,1
3d3cb9ca-d8ac-48ec-8e88-3ff0a4bcd53e,1a628843-83a1-45d2-a192-cef9fc2720f6,3c46dbff-adaf-4781-812e-3ac1be41114b,COOP,,0.0,1
c27c9e22-0008-45e2-b6d4-38d7ce194ef2,1a628843-83a1-45d2-a192-cef9fc2720f6,81c8c447-cbaf-4be5-9101-9edee26637e3,COOP,,0.0,1
09b07c3d-0cbe-48de-a13d-c8b34b026665,1ab60851-6d32-43fd-8cd3-149fbc089370,fd56f26f-34b0-47b4-9e1e-d6c18ea5634d,A,,0.0,0
751a2635-bb52-4473-944e-0788427c16b7,1ab60851-6d32-43fd-8cd3-149fbc089370,4b99fd4d-39d2-45c3-80cb-01ae57e2a6b9,B,,0.0,1
a1ef702c-cd2e-4947-9d41-5096701dcc2c,1ab60851-6d32-43fd-8cd3-149fbc089370,81c8c447-cbaf-4be5-9101-9edee26637e3,A,,0.0,0
e45f3206-3aa6-48fd-81f0-81b6a8ecd3fe,1ab60851-6d32-43fd-8cd3-149fbc089370,3c46dbff-adaf-4781-812e-3ac1be41114b,B,,0.0,1
d42ceb9b-21a5-4756-a5bb-9149f69d393b,1e0b715c-185f-48b0-b76e-364a23a39ce8,3c46dbff-adaf-4781-812e-3ac1be41114b,,1,0.0,1
0a87ad9c-44b3-4980-a12e-3e321c7928bf,1e0b715c-185f-48b0-b76e-364a23a39ce8,fd56f26f-34b0-47b4-9e1e-d6c18ea5634d,,2,0.0,0
3f9a7d98-1652-45e2-ba13-10d2cb488e85,1e0b715c-185f-48b0-b76e-364a23a39ce8,81c8c447-cbaf-4be5-9101-9edee26637e3,,2,0.0,0
fe8c10ce-b6de-411b-8828-5959dc6cf5d9,1e0b715c-185f-48b0-b76e-364a23a39ce8,4b99fd4d-39d2-45c3-80cb-01ae57e2a6b9,,4,0.0,0
488c4dee-e88f-4b82-9d7f-7a0d803d3982,223d5a37-dfd4-43d7-b3d3-7fa9ea849f56,4b99fd4d-39d2-45c3-80cb-01ae57e2a6b9,B,,0.0,0
56a70204-a768-4e0d-a935-9ddce8a82f56,223d5a37-dfd4-43d7-b3d3-7fa9ea849f56,fd56f26f-34b0-47b4-9e1e-d6c18ea5634d,A,,0.0,1
b16f301d-5a01-4249-93f9-69cfd960c3f0,223d5a37-dfd4-43d7-b3d3-7fa9ea849f56,81c8c447-cbaf-4be5-9101-9edee26637e3,B,,0.0,0
cc0946ca-c7ad-4471-8871-2a2da1ff35cf,223d5a37-dfd4-43d7-b3d3-7fa9ea849f56,3c46dbff-adaf-4781-812e-3ac1be41114b,A,,0.0,1
10cebe3d-237f-4c75-a81f-83ab4d8d1616,25f3d529-9817-4bd6-95db-8dd70fb3280c,3c46dbff-adaf-4781-812e-3ac1be41114b,B,,0.0,0
15b4bbf9-61fc-4a6b-8ece-d788830b3207,25f3d529-9817-4bd6-95db-8dd70fb3280c,4b99fd4d-39d2-45c3-80cb-01ae57e2a6b9,A,,0.0,1
9edd5147-5d10-4c3f-8759-6d6327b67d22,25f3d529-9817-4bd6-95db-8dd70fb3280c,81c8c447-cbaf-4be5-9101-9edee26637e3,A,,0.0,1
b3bd0f63-3221-478c-a6e6-767478748801,25f3d529-9817-4bd6-95db-8dd70fb3280c,fd56f26f-34b0-47b4-9e1e-d6c18ea5634d,B,,0.0,0
098b361f-aa7f-468f-9f8b-0f34fb6b9e63,2739cf44-6e71-4b15-9a4b-0643c70873a4,81c8c447-cbaf-4be5-9101-9edee26637e3,B,,0.0,0
bb70124b-ac8b-4ae9-850d-6eddf85766b8,2739cf44-6e71-4b15-9a4b-0643c70873a4,4b99fd4d-39d2-45c3-80cb-01ae57e2a6b9,A,,0.0,1
c2182e0e-f4c3-4633-aca3-9f84f54340dd,2739cf44-6e71-4b15-9a4b-0643c70873a4,fd56f26f-34b0-47b4-9e1e-d6c18ea5634d,B,,0.0,0
c4b619ef-96e9-41b6-9398-68c574647ae7,2739cf44-6e71-4b15-9a4b-0643c70873a4,7df778e0-7327-45ba-93e5-b79b31bebca3,A,,0.0,1
c4c67e26-cb23-4d6c-9688-c8e31d1f58c4,2739cf44-6e71-4b15-9a4b-0643c70873a4,80504ce3-8d54-4c10-8d34-7e400027caa4,B,,0.0,0
f1591538-c2b2-4bee-a218-ed284f0e3f65,2739cf44-6e71-4b15-9a4b-0643c70873a4,3c46dbff-adaf-4781-812e-3ac1be41114b,A,,0.0,1
4b076cf2-d395-402d-b6d4-0740bd1d2a7e,297da22d-b91e-454b-b8f3-bde94d53721b,81c8c447-cbaf-4be5-9101-9edee26637e3,B,,0.0,0
bb9f5f63-9f7d-40bb-bf60-a9aeaeec5884,297da22d-b91e-454b-b8f3-bde94d53721b,4b99fd4d-39d2-45c3-80cb-01ae57e2a6b9,A,,0.0,1
c1a98e7b-2d23-4f6e-addd-906a15fce794,297da22d-b91e-454b-b8f3-bde94d53721b,3c46dbff-adaf-4781-812e-3ac1be41114b,A,,0.0,1
f82bdb8c-d53a-466a-a953-7e6ef29661fe,297da22d-b91e-454b-b8f3-bde94d53721b,fd56f26f-34b0-47b4-9e1e-d6c18ea5634d,B,,0.0,0
1b8478b3-7efd-4104-afff-35a4bf3180f0,2b8eab03-6298-43ff-9a2f-dc5e90c7ef69,3c46dbff-adaf-4781-812e-3ac1be41114b,A,,0.0,0
57eea266-d564-4211-8115-f2936924e3eb,2b8eab03-6298-43ff-9a2f-dc5e90c7ef69,fd56f26f-34b0-47b4-9e1e-d6c18ea5634d,A,,0.0,0
92cab82a-8466-4619-a9ec-4ee6ec24b486,2b8eab03-6298-43ff-9a2f-dc5e90c7ef69,4b99fd4d-39d2-45c3-80cb-01ae57e2a6b9,B,,0.0,1
de7ff75f-8d82-447f-a931-7eddc95bfab9,2b8eab03-6298-43ff-9a2f-dc5e90c7ef69,81c8c447-cbaf-4be5-9101-9edee26637e3,B,,0.0,1
7aa21af0-cc93-4ddd-bfba-bc382f035cbb,2e8c7f2a-f441-41cf-b1cd-03e25123c538,3c46dbff-adaf-4781-812e-3ac1be41114b,COOP,,0.0,1
cc58584c-6dfb-4887-886c-f586d42f4fe0,2e8c7f2a-f441-41cf-b1cd-03e25123c538,4b99fd4d-39d2-45c3-80cb-01ae57e2a6b9,COOP,,0.0,1
c26f64cb-2015-43b6-a703-7968750f49ca,2f09b52e-4495-4b80-b550-727c41a74d09,3c46dbff-adaf-4781-812e-3ac1be41114b,,1,0.0,0
49487d46-0dc1-40f6-926e-36241d677c63,2f09b52e-4495-4b80-b550-727c41a74d09,81c8c447-cbaf-4be5-9101-9edee26637e3,,2,0.0,0
32262f42-f57b-4929-bc35-c069e9f0c5f6,3208fa59-601d-4eba-8fbe-1ea01c0c7814,3c46dbff-adaf-4781-812e-3ac1be41114b,COOP,,0.0,1
35dac98b-7fc1-469a-af6b-457b1838627c,3208fa59-601d-4eba-8fbe-1ea01c0c7814,81c8c447-cbaf-4be5-9101-9edee26637e3,COOP,,0.0,1
f330f691-1215-4dfb-8289-fc4706dc4d49,3208fa59-601d-4eba-8fbe-1ea01c0c7814,80504ce3-8d54-4c10-8d34-7e400027caa4,COOP,,0.0,1
2c7f47f0-d399-4607-985e-9623db6ef728,34759278-5104-4c0b-98c7-1e5c8d1204f5,3c46dbff-adaf-4781-812e-3ac1be41114b,COOP,,0.0,0
c2a51d54-7caf-4634-9a72-89773b888c3f,34759278-5104-4c0b-98c7-1e5c8d1204f5,81c8c447-cbaf-4be5-9101-9edee26637e3,COOP,,0.0,0
28dce1ff-96a8-4a42-aac3-9335060196be,3798f1d0-063a-420b-bf2d-4d8e578730fa,3c46dbff-adaf-4781-812e-3ac1be41114b,COOP,,0.0,0
36ace17b-4a65-419c-9963-172b28b73f24,3798f1d0-063a-420b-bf2d-4d8e578730fa,4b99fd4d-39d2-45c3-80cb-01ae57e2a6b9,COOP,,0.0,0
8713645f-9028-4c0d-a589-d19d47c08313,3798f1d0-063a-420b-bf2d-4d8e578730fa,81c8c447-cbaf-4be5-9101-9edee26637e3,COOP,,0.0,0
13a9b700-1fec-4851-b471-fd50682f86c1,38b03db2-0dc8-41d4-9d70-4f8b84f0723d,80504ce3-8d54-4c10-8d34-7e400027caa4,COOP,,0.0,1
84941d20-3820-442a-bafd-691146c4acd9,38b03db2-0dc8-41d4-9d70-4f8b84f0723d,4b99fd4d-39d2-45c3-80cb-01ae57e2a6b9,COOP,,0.0,1
88faf330-e0b8-4a7f-ab4c-08ca40103931,38b03db2-0dc8-41d4-9d70-4f8b84f0723d,81c8c447-cbaf-4be5-9101-9edee26637e3,COOP,,0.0,1
be11ba1f-13db-4d7a-8e8b-8cd680c2f7ac,38b03db2-0dc8-41d4-9d70-4f8b84f0723d,3c46dbff-adaf-4781-812e-3ac1be41114b,COOP,,0.0,1
dfcb1d1f-ac59-480a-a09f-6c6b7c0d7e36,38b03db2-0dc8-41d4-9d70-4f8b84f0723d,fd56f26f-34b0-47b4-9e1e-d6c18ea5634d,COOP,,0.0,1
32263296-54d1-4260-92b5-0b8fdcd625dd,3e332da2-c0d6-4ee7-8a6c-65b9010b7f38,81c8c447-cbaf-4be5-9101-9edee26637e3,COOP,,0.0,1
61af198a-fd5d-49c8-ac53-b230df8001c3,3e332da2-c0d6-4ee7-8a6c-65b9010b7f38,3c46dbff-adaf-4781-812e-3ac1be41114b,COOP,,0.0,1
ddc3abd1-447e-4824-abb8-7f4be645b191,4010351d-8456-4bf9-bc09-9012c241ebbc,fd56f26f-34b0-47b4-9e1e-d6c18ea5634d,,1,0.0,1
7a6357df-5611-4294-be4c-6539213a7980,4010351d-8456-4bf9-bc09-9012c241ebbc,81c8c447-cbaf-4be5-9101-9edee26637e3,,2,0.0,1
d4729718-c802-41c0-9695-52d95c57d2d3,4010351d-8456-4bf9-bc09-9012c241ebbc,3c46dbff-adaf-4781-812e-3ac1be41114b,,3,0.0,0
0a3ee2c0-c19f-4662-95a3-55f973e1ccc0,4065631b-f52f-4c0e-a22d-195ea9ef0e8e,3c46dbff-adaf-4781-812e-3ac1be41114b,SOLO,,0.0,1
60095db6-ec14-48e1-95bc-8e050ba424a5,457d00c7-9c0d-4f3f-80a1-4979e23eb39e,4b99fd4d-39d2-45c3-80cb-01ae57e2a6b9,B,,0.0,0
710cf585-48be-4c58-98d5-f6c5ca7e3d81,457d00c7-9c0d-4f3f-80a1-4979e23eb39e,fd56f26f-34b0-47b4-9e1e-d6c18ea5634d,A,,0.0,1
78a448f2-47d9-4721-ac38-79efd0dc54b3,457d00c7-9c0d-4f3f-80a1-4979e23eb39e,81c8c447-cbaf-4be5-9101-9edee26637e3,A,,0.0,1
b1cd9804-e68c-4fac-a555-eeac5ef0717b,457d00c7-9c0d-4f3f-80a1-4979e23eb39e,3c46dbff-adaf-4781-812e-3ac1be41114b,B,,0.0,0
b0c6309b-a8c8-4c1e-8d70-8b8973686877,47e800d5-60c6-40aa-9fe2-89c1aa7c5c29,3c46dbff-adaf-4781-812e-3ac1be41114b,,1,33.0,1
72bbd6c8-864b-41a9-95ca-6de8ad5a4f06,47e800d5-60c6-40aa-9fe2-89c1aa7c5c29,528b549f-1743-45d2-aeb7-6dcad553e403,,2,3.0,0
6b6394e3-6238-4d21-a1a5-207273221ddb,4b1a5eae-487e-462e-aeee-5307c614704f,4b99fd4d-39d2-45c3-80cb-01ae57e2a6b9,COOP,,0.0,1
ff5a3c04-252b-475c-a3e8-49c35f8fb8f2,4b1a5eae-487e-462e-aeee-5307c614704f,80504ce3-8d54-4c10-8d34-7e400027caa4,COOP,,0.0,1
13fef7a0-7a94-4c3e-aaff-da09b5cd1f53,4bc9ef58-3f98-40b7-9296-18e1ef07f5ef,81c8c447-cbaf-4be5-9101-9edee26637e3,,1,0.0,1
2097f6da-1981-4fae-9bb2-465e6afea9bd,4bc9ef58-3f98-40b7-9296-18e1ef07f5ef,fd56f26f-34b0-47b4-9e1e-d6c18ea5634d,,2,0.0,1
9b302ab9-a46e-49c5-b7be-52d91c9d5a8e,4bc9ef58-3f98-40b7-9296-18e1ef07f5ef,3c46dbff-adaf-4781-812e-3ac1be41114b,,3,0.0,0
7dca814c-a73e-45ac-a412-af1b0e58cf2a,4cd07841-6f4f-4731-8627-f367bcf77aa3,81c8c447-cbaf-4be5-9101-9edee26637e3,COOP,,0.0,1
ff69a105-fb40-499a-b9c8-d44bd37cb9c8,4cd07841-6f4f-4731-8627-f367bcf77aa3,4b99fd4d-39d2-45c3-80cb-01ae57e2a6b9,COOP,,0.0,1
d38915d8-0f14-4d4b-931c-2d85ac1021b9,4f514295-f808-4348-ba13-060ab2617953,fd56f26f-34b0-47b4-9e1e-d6c18ea5634d,A,,0.0,1
d8c45cff-ea3c-4eb6-9541-4667cc1352b6,4f514295-f808-4348-ba13-060ab2617953,4b99fd4d-39d2-45c3-80cb-01ae57e2a6b9,B,,0.0,0
ecfc22d8-a521-46bc-94f7-f025294ce290,4f514295-f808-4348-ba13-060ab2617953,81c8c447-cbaf-4be5-9101-9edee26637e3,A,,0.0,1
ee7e12be-f61f-49e4-a85d-5405b958d767,4f514295-f808-4348-ba13-060ab2617953,3c46dbff-adaf-4781-812e-3ac1be41114b,B,,0.0,0
239f3dbf-f31e-4ff8-af5e-b26d382b6f63,4fc7f893-7548-48b8-b252-3c01e59a75d7,fd56f26f-34b0-47b4-9e1e-d6c18ea5634d,COOP,,0.0,1
ccd743f0-7f7a-43e9-9edd-98c0ec2000eb,4fc7f893-7548-48b8-b252-3c01e59a75d7,3c46dbff-adaf-4781-812e-3ac1be41114b,COOP,,0.0,1
f14d9b91-002c-4f57-aa8a-1c07ad55f429,4fc7f893-7548-48b8-b252-3c01e59a75d7,81c8c447-cbaf-4be5-9101-9edee26637e3,COOP,,0.0,1
14f05ee3-21bc-4f50-a6cc-4a55b4d8c01a,51515cd1-4c7d-42f2-8245-2fab92b59da6,fd56f26f-34b0-47b4-9e1e-d6c18ea5634d,A,,0.0,0
2d91ff18-c70f-4060-9c86-b5c697b9ea59,51515cd1-4c7d-42f2-8245-2fab92b59da6,7df778e0-7327-45ba-93e5-b79b31bebca3,B,,0.0,1
42154c25-1a75-422b-a133-c79350825e93,51515cd1-4c7d-42f2-8245-2fab92b59da6,4b99fd4d-39d2-45c3-80cb-01ae57e2a6b9,A,,0.0,0
444b7bce-d3c7-49f1-a6a3-c158cdfda993,51515cd1-4c7d-42f2-8245-2fab92b59da6,81c8c447-cbaf-4be5-9101-9edee26637e3,B,,0.0,1
63520dee-46ad-453a-885a-14421a7ab0f2,51515cd1-4c7d-42f2-8245-2fab92b59da6,3c46dbff-adaf-4781-812e-3ac1be41114b,A,,0.0,0
b21bd81c-96d5-475a-896c-5f7ff0e95aba,51515cd1-4c7d-42f2-8245-2fab92b59da6,80504ce3-8d54-4c10-8d34-7e400027caa4,B,,0.0,1
0b29c412-cafe-4a05-80a5-41b52b1341b3,51b13d3d-f59e-4668-8370-00f83979b0d8,3c46dbff-adaf-4781-812e-3ac1be41114b,COOP,,0.0,0
29576e40-89c3-4840-afdb-758c7695b18b,51b13d3d-f59e-4668-8370-00f83979b0d8,528b549f-1743-45d2-aeb7-6dcad553e403,COOP,,0.0,0
c6a75de1-3b99-449f-9925-1c72414d1068,528e8784-aa1e-4e5e-a773-28c73f33c36b,4b99fd4d-39d2-45c3-80cb-01ae57e2a6b9,COOP,,0.0,0
ed6068d8-15a6-4561-9023-b8d553e3680a,528e8784-aa1e-4e5e-a773-28c73f33c36b,3c46dbff-adaf-4781-812e-3ac1be41114b,COOP,,0.0,0
375b4524-c36e-4f3a-ae87-5445fc1e1d1b,589968e6-5411-4fdb-a2b9-d367ffdcfbd2,81c8c447-cbaf-4be5-9101-9edee26637e3,B,,0.0,0
82967442-6448-40f9-a36e-6b7dd42a27de,589968e6-5411-4fdb-a2b9-d367ffdcfbd2,3c46dbff-adaf-4781-812e-3ac1be41114b,A,,0.0,1
934fb1f9-977c-4d90-aa25-a4b39e75e774,589968e6-5411-4fdb-a2b9-d367ffdcfbd2,4b99fd4d-39d2-45c3-80cb-01ae57e2a6b9,B,,0.0,0
97a547e7-2e61-40a2-b8ec-22193dbc08cf,589968e6-5411-4fdb-a2b9-d367ffdcfbd2,80504ce3-8d54-4c10-8d34-7e400027caa4,B,,0.0,0
dec4b991-2081-47b6-9e71-429e7d3ae8e2,589968e6-5411-4fdb-a2b9-d367ffdcfbd2,fd56f26f-34b0-47b4-9e1e-d6c18ea5634d,A,,0.0,1
e84009c1-4af1-4616-803f-3b89dac42913,589968e6-5411-4fdb-a2b9-d367ffdcfbd2,a50e9eca-606b-41cc-b2cb-7c82374b29a1,A,,0.0,1
f8ee11f9-c92d-4ec9-b172-148b27363056,60053aee-38a7-4b1e-b550-1c17277af5e3,3c46dbff-adaf-4781-812e-3ac1be41114b,,1,54.0,1
e6f98895-c46c-495d-a79f-0b1d306d7e17,60053aee-38a7-4b1e-b550-1c17277af5e3,528b549f-1743-45d2-aeb7-6dcad553e403,,2,13.0,0
68d86153-b905-4f4c-a22e-b7fc855e2cb5,603d1e7b-1400-4063-9610-aaec4ad2d752,80504ce3-8d54-4c10-8d34-7e400027caa4,COOP,,0.0,1
d32d3673-55f8-4875-8caa-65db006b94b2,603d1e7b-1400-4063-9610-aaec4ad2d752,4b99fd4d-39d2-45c3-80cb-01ae57e2a6b9,COOP,,0.0,1
19b933df-9e02-4200-b133-54232fc1e2fc,66bddc66-d130-4988-90c6-5add36a39988,3c46dbff-adaf-4781-812e-3ac1be41114b,COOP,,0.0,1
962f12b0-3a22-4a32-9ffa-e03ae776bb83,66bddc66-d130-4988-90c6-5add36a39988,81c8c447-cbaf-4be5-9101-9edee26637e3,COOP,,0.0,1
24cdf74d-b330-4248-9115-f9f8347583de,67417185-8499-4a3f-b5fb-b2267a093ed7,2c8af4b7-a3cb-461d-9c2c-9176a32d2624,B,,0.0,1
69bd9466-21ba-48f5-8841-bc374797d79d,67417185-8499-4a3f-b5fb-b2267a093ed7,81c8c447-cbaf-4be5-9101-9edee26637e3,A,,0.0,0
b50e4cf2-e357-4523-88d2-aa622d27782d,67417185-8499-4a3f-b5fb-b2267a093ed7,3c46dbff-adaf-4781-812e-3ac1be41114b,A,,0.0,0
cbaf9cdd-4328-4aa3-a7fc-069b9babb42f,67417185-8499-4a3f-b5fb-b2267a093ed7,fd56f26f-34b0-47b4-9e1e-d6c18ea5634d,B,,0.0,1
65a84eaf-c0a5-4e79-8153-feaddd596fc8,6979fea7-18d7-4771-8164-942f5b87ea14,81c8c447-cbaf-4be5-9101-9edee26637e3,,1,111.0,1
23e90f40-4cf0-4941-908b-28bf265507df,6979fea7-18d7-4771-8164-942f5b87ea14,3c46dbff-adaf-4781-812e-3ac1be41114b,,2,87.0,0
46800365-ea61-4af2-a584-8ed91a6f4d0f,6ae822e2-3ced-451e-bca5-ac1e5fffa28f,4b99fd4d-39d2-45c3-80cb-01ae57e2a6b9,A,,0.0,1
4d0b072f-4b99-4212-a271-9c816d571984,6ae822e2-3ced-451e-bca5-ac1e5fffa28f,3c46dbff-adaf-4781-812e-3ac1be41114b,A,,0.0,1
52f8be5d-d1ed-44fe-a04f-1a0a53115e75,6ae822e2-3ced-451e-bca5-ac1e5fffa28f,81c8c447-cbaf-4be5-9101-9edee26637e3,B,,0.0,0
8639e10b-7ef7-404e-a6d4-b5376bcd85cf,6ae822e2-3ced-451e-bca5-ac1e5fffa28f,fd56f26f-34b0-47b4-9e1e-d6c18ea5634d,A,,0.0,1
9ef169b7-7184-4c46-ae77-503aa641e0c7,6ae822e2-3ced-451e-bca5-ac1e5fffa28f,7df778e0-7327-45ba-93e5-b79b31bebca3,B,,0.0,0
c4f13910-e06d-42a8-b7fd-6c872ead428f,6ae822e2-3ced-451e-bca5-ac1e5fffa28f,80504ce3-8d54-4c10-8d34-7e400027caa4,B,,0.0,0
43288bf0-a132-432e-800f-78126282ca41,6b749235-2834-414e-9c77-e641a256ecbd,81c8c447-cbaf-4be5-9101-9edee26637e3,COOP,,0.0,0
88851e53-a5b4-4bd8-b0ac-054ea4949a73,6b749235-2834-414e-9c77-e641a256ecbd,3c46dbff-adaf-4781-812e-3ac1be41114b,COOP,,0.0,0
7a06178e-5ac6-4d1e-aa8f-759cc6bec9cf,6d8d66d5-c07d-4fca-a002-d843e79f8c9f,3c46dbff-adaf-4781-812e-3ac1be41114b,,1,0.0,0
33a4653a-ad7b-4df9-b990-1ff13a7916f2,6d8d66d5-c07d-4fca-a002-d843e79f8c9f,fd56f26f-34b0-47b4-9e1e-d6c18ea5634d,,2,0.0,0
d891b972-8efe-42aa-a6d1-a8a411c8c72c,6d8d66d5-c07d-4fca-a002-d843e79f8c9f,2c8af4b7-a3cb-461d-9c2c-9176a32d2624,,3,0.0,0
13f8ee19-f1b3-46b1-afcf-535b75130df1,6e019148-d25f-476f-83dd-91f1cda86d59,3c46dbff-adaf-4781-812e-3ac1be41114b,B,,0.0,0
15142897-d4c8-4ec3-b699-9d979b00416a,6e019148-d25f-476f-83dd-91f1cda86d59,7df778e0-7327-45ba-93e5-b79b31bebca3,A,,0.0,1
96ae4b7f-71d2-4ba3-b7ef-93245230532d,6e019148-d25f-476f-83dd-91f1cda86d59,fd56f26f-34b0-47b4-9e1e-d6c18ea5634d,B,,0.0,0
97b55fe9-9ff5-4fce-a43c-a9e7db8ecd6c,6e019148-d25f-476f-83dd-91f1cda86d59,4b99fd4d-39d2-45c3-80cb-01ae57e2a6b9,A,,0.0,1
0c803bf4-41d6-4a36-8653-6605d6a19b77,70efe15a-b5e3-48bf-9471-628bfe8f36b8,3c46dbff-adaf-4781-812e-3ac1be41114b,A,,0.0,0
b2f656f9-6fc6-4aad-a5d8-21d2d6519b26,70efe15a-b5e3-48bf-9471-628bfe8f36b8,fd56f26f-34b0-47b4-9e1e-d6c18ea5634d,B,,0.0,1
e35edf1d-ebde-437a-967b-5eaf4089c197,70efe15a-b5e3-48bf-9471-628bfe8f36b8,81c8c447-cbaf-4be5-9101-9edee26637e3,A,,0.0,0
ef57d731-3c8b-4abc-a115-a220852fde49,70efe15a-b5e3-48bf-9471-628bfe8f36b8,4b99fd4d-39d2-45c3-80cb-01ae57e2a6b9,B,,0.0,1
a1bed4a7-515c-40f5-ac6e-a35a3eab8b13,718b7a1e-5c87-4532-8f79-f2fc9513ba03,4b99fd4d-39d2-45c3-80cb-01ae57e2a6b9,COOP,,0.0,1
a7649403-f767-4ea8-9326-3777f29e2230,718b7a1e-5c87-4532-8f79-f2fc9513ba03,3c46dbff-adaf-4781-812e-3ac1be41114b,COOP,,0.0,1
618f857f-a6ed-44c4-9970-2ae7e23ca2fd,72edea6e-d9ef-4a10-84ae-2c58cceb7a25,fd56f26f-34b0-47b4-9e1e-d6c18ea5634d,,1,0.0,1
6ee9987e-554e-4ad8-8cc1-7061355ae4ae,72edea6e-d9ef-4a10-84ae-2c58cceb7a25,3c46dbff-adaf-4781-812e-3ac1be41114b,,2,0.0,1
860589e2-3a62-4bf5-8ff9-67b9f1274ffa,72edea6e-d9ef-4a10-84ae-2c58cceb7a25,7df778e0-7327-45ba-93e5-b79b31bebca3,,3,0.0,0
21c1918d-18c3-4f3e-8963-7da80b5118b8,73311977-0676-417e-8ac2-d41755f06e67,3c46dbff-adaf-4781-812e-3ac1be41114b,A,,0.0,1
6133346e-89d8-411f-bfc3-41081510320b,73311977-0676-417e-8ac2-d41755f06e67,fd56f26f-34b0-47b4-9e1e-d6c18ea5634d,B,,0.0,0
c18b356b-920d-48cd-8679-b59371263da3,73311977-0676-417e-8ac2-d41755f06e67,81c8c447-cbaf-4be5-9101-9edee26637e3,A,,0.0,1
e5b460b5-4df8-4110-bc87-32b0835e0a15,73311977-0676-417e-8ac2-d41755f06e67,2c8af4b7-a3cb-461d-9c2c-9176a32d2624,B,,0.0,0
e4f2790d-73a8-4aea-b80e-7e99f09f9d93,74d808af-0a0b-4511-ad38-f55d9af0ebca,3c2deced-ddd6-49e8-b3cf-5d1dfb04d45f,,1,12.0,1
7503d1ce-afec-4bc6-8cb6-5ff351f59afe,74d808af-0a0b-4511-ad38-f55d9af0ebca,3c46dbff-adaf-4781-812e-3ac1be41114b,,2,11.0,0
12fbb668-08c8-484a-8ed2-9be22424cf9b,74d808af-0a0b-4511-ad38-f55d9af0ebca,0adcf663-60e0-4211-892e-245db6dd38db,,3,9.0,0
11a25969-d242-4738-88d8-10d4c1700a06,74d808af-0a0b-4511-ad38-f55d9af0ebca,3958cc97-5507-421f-a821-fd80cc9e7f7f,,4,7.0,0
d7b497c2-a608-4b5f-a680-e492f8d7ffad,76422449-3a0a-4632-b5bc-5a376f55ef43,81c8c447-cbaf-4be5-9101-9edee26637e3,COOP,,0.0,1
e578cf3f-20a0-4662-a13d-649f336c34d3,76422449-3a0a-4632-b5bc-5a376f55ef43,3c46dbff-adaf-4781-812e-3ac1be41114b,COOP,,0.0,1
dad3410e-4739-4ca4-a927-307c5213f08a,7a94e25c-0932-4b94-98c8-dc997fbff3ba,3c46dbff-adaf-4781-812e-3ac1be41114b,,1,0.0,1
f054760c-c36e-4241-bf2a-1aa18fe2094c,7a94e25c-0932-4b94-98c8-dc997fbff3ba,fd56f26f-34b0-47b4-9e1e-d6c18ea5634d,,2,0.0,0
e0f1fa51-71f8-478e-9d09-21b2aaee0b08,7a94e25c-0932-4b94-98c8-dc997fbff3ba,2c8af4b7-a3cb-461d-9c2c-9176a32d2624,,3,0.0,0
d6ce9b37-3cb1-4889-a7f0-5ee99052f4ac,7e4f2f0c-6403-415a-9e90-06fa72aa088c,4b99fd4d-39d2-45c3-80cb-01ae57e2a6b9,,1,65.0,1
dc8fa51c-d427-4b2d-b649-75dff78f3325,7e4f2f0c-6403-415a-9e90-06fa72aa088c,81c8c447-cbaf-4be5-9101-9edee26637e3,,2,32.0,0
64b25576-fb36-4816-b378-4fd83c835f5e,7e4f2f0c-6403-415a-9e90-06fa72aa088c,80504ce3-8d54-4c10-8d34-7e400027caa4,,3,17.0,0
f0414ba2-ac6a-425b-99cf-77f8ea0d292d,7e4f2f0c-6403-415a-9e90-06fa72aa088c,fd56f26f-34b0-47b4-9e1e-d6c18ea5634d,,4,0.0,0
36e85abf-716e-40ac-b661-6c778ff290d3,7e884522-e00c-4040-9ec2-39b7d830c7b6,3c46dbff-adaf-4781-812e-3ac1be41114b,,1,0.0,1
fe4c324e-1379-4e0e-8443-f28f7428ce0a,7e884522-e00c-4040-9ec2-39b7d830c7b6,fd56f26f-34b0-47b4-9e1e-d6c18ea5634d,,2,0.0,0
7380063c-cf12-4558-aedd-888ad6a6a973,8251ca0f-869c-46bd-b118-0aae47e61f91,3c46dbff-adaf-4781-812e-3ac1be41114b,,1,0.0,1
8f4eb14b-c66f-45e4-a961-ca91945eab90,8251ca0f-869c-46bd-b118-0aae47e61f91,81c8c447-cbaf-4be5-9101-9edee26637e3,,2,0.0,1
78129b85-fa64-4d2c-a1c6-b649919276d9,8251ca0f-869c-46bd-b118-0aae47e61f91,fd56f26f-34b0-47b4-9e1e-d6c18ea5634d,,3,0.0,0
690aedf8-f5d6-434b-9c99-82535b366484,83ac2ee9-a94e-4384-b340-cf080cd86158,81c8c447-cbaf-4be5-9101-9edee26637e3,,1,230.0,1
e4cb6827-9f45-495a-8b13-ae93ae935e05,83ac2ee9-a94e-4384-b340-cf080cd86158,3c46dbff-adaf-4781-812e-3ac1be41114b,,2,215.0,0
2c55f84f-fb85-4b0b-b885-9107f73db95d,83ac2ee9-a94e-4384-b340-cf080cd86158,4b99fd4d-39d2-45c3-80cb-01ae57e2a6b9,,3,170.0,0
6b18036b-6df1-45a4-b9b5-995e1edee2bc,83ac2ee9-a94e-4384-b340-cf080cd86158,80504ce3-8d54-4c10-8d34-7e400027caa4,,4,150.0,0
1fb41f8e-9fad-455d-a74b-c85bcaeaf022,89fc7115-7aeb-490f-98b0-64c6ffbb4d05,3c46dbff-adaf-4781-812e-3ac1be41114b,COOP,,0.0,0
4ed1a1bc-0cb9-455d-9b95-d4653beab0aa,89fc7115-7aeb-490f-98b0-64c6ffbb4d05,4b99fd4d-39d2-45c3-80cb-01ae57e2a6b9,COOP,,0.0,0
4493b8bc-e09c-4db4-afd9-fdb7461b9478,8a5aa90d-9344-45c2-b6e5-2a528114203d,4b99fd4d-39d2-45c3-80cb-01ae57e2a6b9,COOP,,0.0,1
66863dff-67da-4dd0-85ed-d2b60d8d03d4,8a5aa90d-9344-45c2-b6e5-2a528114203d,81c8c447-cbaf-4be5-9101-9edee26637e3,COOP,,0.0,1
8e7cf9cd-a651-44d9-bbf4-63848d3a6a90,8a5aa90d-9344-45c2-b6e5-2a528114203d,fd56f26f-34b0-47b4-9e1e-d6c18ea5634d,COOP,,1.0,1
b49fad41-1223-4e24-935b-40fb05bce7aa,8a5aa90d-9344-45c2-b6e5-2a528114203d,3c46dbff-adaf-4781-812e-3ac1be41114b,COOP,,0.0,1
cf852101-1751-4abb-bf37-773428fb28a2,8ce8918d-c02f-4103-87a6-a33c00dc3300,3c46dbff-adaf-4781-812e-3ac1be41114b,COOP,,7.0,1
de728ce6-79d6-475a-a3cd-48227ba0972b,8ce8918d-c02f-4103-87a6-a33c00dc3300,528b549f-1743-45d2-aeb7-6dcad553e403,COOP,,7.0,1
54589fd3-cfa5-4e18-bfdf-ee88748e1ec6,8f4ecfef-f1a9-40d6-883c-82415eab3764,528b549f-1743-45d2-aeb7-6dcad553e403,COOP,,0.0,1
6cb6ce43-3af8-4083-8efd-dbe96abcd8a9,8f4ecfef-f1a9-40d6-883c-82415eab3764,3c46dbff-adaf-4781-812e-3ac1be41114b,COOP,,0.0,1
1a383099-ff92-44e3-ab05-7fbd111d89d4,8f84805f-56a5-4cac-a93c-6490c110d5e7,3c46dbff-adaf-4781-812e-3ac1be41114b,A,,0.0,1
495a6dc7-e732-474e-befe-35d3066c5bea,8f84805f-56a5-4cac-a93c-6490c110d5e7,4b99fd4d-39d2-45c3-80cb-01ae57e2a6b9,B,,0.0,0
694d8e56-0186-4e5b-85f4-12ca46ff2bdd,8f84805f-56a5-4cac-a93c-6490c110d5e7,7df778e0-7327-45ba-93e5-b79b31bebca3,B,,0.0,0
bfb7aa67-7b43-48f1-84b7-8732ad04ca45,8f84805f-56a5-4cac-a93c-6490c110d5e7,81c8c447-cbaf-4be5-9101-9edee26637e3,A,,0.0,1
c0b61deb-b5af-4e1a-b985-f2ec5014841d,8f84805f-56a5-4cac-a93c-6490c110d5e7,fd56f26f-34b0-47b4-9e1e-d6c18ea5634d,A,,0.0,1
d8e9b9b9-f991-4c29-a850-03436f8bd494,8f84805f-56a5-4cac-a93c-6490c110d5e7,80504ce3-8d54-4c10-8d34-7e400027caa4,B,,0.0,0
bf5f97dc-1dad-43ca-bb01-91d2d5b240d7,8fbcd94d-2026-4e48-848d-dd37f245f212,81c8c447-cbaf-4be5-9101-9edee26637e3,COOP,,0.0,1
d927be6c-f4f0-4ad1-ab55-257b743fe95d,8fbcd94d-2026-4e48-848d-dd37f245f212,4b99fd4d-39d2-45c3-80cb-01ae57e2a6b9,COOP,,0.0,1
3c200843-7c33-4dc8-903f-f981b3abd21a,95787c0b-14d1-4328-be4d-c36015b3b5aa,81c8c447-cbaf-4be5-9101-9edee26637e3,COOP,,0.0,1
d9118343-6464-43a6-9116-44c9bba3f966,95787c0b-14d1-4328-be4d-c36015b3b5aa,3c46dbff-adaf-4781-812e-3ac1be41114b,COOP,,0.0,1
18a99f16-b943-4ae8-a630-ca595ce077df,95e9bc0c-9979-4f9d-a693-50fc662d73fd,3c46dbff-adaf-4781-812e-3ac1be41114b,COOP,,0.0,1
d23141f3-d95d-4476-ad5d-bdacb20b253a,95e9bc0c-9979-4f9d-a693-50fc662d73fd,81c8c447-cbaf-4be5-9101-9edee26637e3,COOP,,0.0,1
f837ff26-81c6-45db-bdf7-ece8fc71215c,96fd13a1-d58d-4d0c-8daa-44b832a632ae,4b99fd4d-39d2-45c3-80cb-01ae57e2a6b9,COOP,,0.0,1
fff1ad81-eb5e-43fa-a046-8f19f421765e,96fd13a1-d58d-4d0c-8daa-44b832a632ae,3c46dbff-adaf-4781-812e-3ac1be41114b,COOP,,0.0,1
0cdab2a2-f9b6-43ef-b267-324c3de3c258,9bb65f46-d475-440c-a73c-6e91849150ec,4b99fd4d-39d2-45c3-80cb-01ae57e2a6b9,COOP,,0.0,0
31455220-204f-4640-aa80-7e3c14432662,9bb65f46-d475-440c-a73c-6e91849150ec,81c8c447-cbaf-4be5-9101-9edee26637e3,COOP,,0.0,0
4ef98170-41df-4f85-99c8-bd512f71d99b,9bb65f46-d475-440c-a73c-6e91849150ec,3c46dbff-adaf-4781-812e-3ac1be41114b,COOP,,0.0,0
622dbaff-d562-4790-b0f7-39f39bb0f1e0,a283fb05-6912-4128-b5c0-ab79cdc88518,3c46dbff-adaf-4781-812e-3ac1be41114b,COOP,,0.0,1
d414204d-5271-4811-a57b-7aaa724ef91a,a283fb05-6912-4128-b5c0-ab79cdc88518,4b99fd4d-39d2-45c3-80cb-01ae57e2a6b9,COOP,,0.0,1
e3ad445a-7e25-4055-9664-4c3359ff6ebc,a37ad97d-89f6-4495-a546-124c751427bb,3c46dbff-adaf-4781-812e-3ac1be41114b,,1,0.0,0
9be5145d-85ff-4afe-a11c-2d1ba695fb54,a37ad97d-89f6-4495-a546-124c751427bb,2c8af4b7-a3cb-461d-9c2c-9176a32d2624,,2,0.0,0
432541d1-1170-4f7d-8f75-d398ded402f4,a37ad97d-89f6-4495-a546-124c751427bb,fd56f26f-34b0-47b4-9e1e-d6c18ea5634d,,3,0.0,0
04c1b9a5-c043-426f-aa70-a83174ce6c08,a3f853a5-bce6-482b-9332-842e44243672,fd56f26f-34b0-47b4-9e1e-d6c18ea5634d,B,,0.0,0
0a6b3a12-89db-4451-ac98-a8bcb98377ad,a3f853a5-bce6-482b-9332-842e44243672,4b99fd4d-39d2-45c3-80cb-01ae57e2a6b9,A,,0.0,1
50a8e3d5-519b-48ac-91e4-3ebcc79221e1,a3f853a5-bce6-482b-9332-842e44243672,81c8c447-cbaf-4be5-9101-9edee26637e3,A,,0.0,1
7071a7a8-8093-4865-b33b-29136ecb6861,a3f853a5-bce6-482b-9332-842e44243672,3c46dbff-adaf-4781-812e-3ac1be41114b,B,,0.0,0
c1348158-b501-4978-8dac-c0440adcdaf1,a9672502-973b-4e01-a69e-f825811170a3,3c46dbff-adaf-4781-812e-3ac1be41114b,COOP,,0.0,0
dc9982fc-beb4-428e-b1e8-8880baf19038,a9672502-973b-4e01-a69e-f825811170a3,fd56f26f-34b0-47b4-9e1e-d6c18ea5634d,COOP,,0.0,0
86f438dc-25a5-4e07-884f-fd5f60752e9b,aa3de40c-dc40-4b9b-a54c-80e3aacbf5b6,4b99fd4d-39d2-45c3-80cb-01ae57e2a6b9,COOP,,0.0,1
cac4088a-05b3-4932-8235-958cda4963c3,aa3de40c-dc40-4b9b-a54c-80e3aacbf5b6,80504ce3-8d54-4c10-8d34-7e400027caa4,COOP,,0.0,1
2f9be594-9272-46d5-90f8-1584ec99478c,aa43998e-2a68-4b88-987f-83afdcfd4ac7,81c8c447-cbaf-4be5-9101-9edee26637e3,A,,0.0,1
73ac759b-2d0d-4a6e-832c-c6daf8db4644,aa43998e-2a68-4b88-987f-83afdcfd4ac7,fd56f26f-34b0-47b4-9e1e-d6c18ea5634d,A,,0.0,1
a3dc3cf0-604b-421d-bde9-1b7ea6b5d59d,aa43998e-2a68-4b88-987f-83afdcfd4ac7,4b99fd4d-39d2-45c3-80cb-01ae57e2a6b9,B,,0.0,0
b2d9dc79-e33a-4a9a-8b4c-34c2215ea390,aa43998e-2a68-4b88-987f-83afdcfd4ac7,3c46dbff-adaf-4781-812e-3ac1be41114b,B,,0.0,0
0235702a-0ea6-4a87-88d9-3afe66bc8ffb,ade75b4a-40fa-4079-879c-0687efed7903,3c46dbff-adaf-4781-812e-3ac1be41114b,COOP,,0.0,1
ac684abb-fa8c-463b-8c96-e830aa69aa36,ade75b4a-40fa-4079-879c-0687efed7903,528b549f-1743-45d2-aeb7-6dcad553e403,COOP,,0.0,1
6163f20f-46ae-4d40-bbf2-a979268589b7,af44ca1b-3a06-4b07-9d14-38d72e5874d0,3c46dbff-adaf-4781-812e-3ac1be41114b,,1,0.0,1
f6c9a295-22bf-4740-bba5-eb29dc185e01,af44ca1b-3a06-4b07-9d14-38d72e5874d0,81c8c447-cbaf-4be5-9101-9edee26637e3,,2,0.0,1
0fd624a8-acc8-4732-b503-33e63f84a782,af44ca1b-3a06-4b07-9d14-38d72e5874d0,4b99fd4d-39d2-45c3-80cb-01ae57e2a6b9,,3,0.0,0
12d67b88-16c8-40cc-9966-df9294d6f854,b22aefca-16f8-483d-9424-2624637b03aa,fd56f26f-34b0-47b4-9e1e-d6c18ea5634d,COOP,,0.0,1
97e56330-5b75-4fb1-91c9-dc856f204edd,b22aefca-16f8-483d-9424-2624637b03aa,3c46dbff-adaf-4781-812e-3ac1be41114b,COOP,,0.0,1
a9127c12-b5ac-4bc5-a686-9f7d953bef96,b22aefca-16f8-483d-9424-2624637b03aa,4b99fd4d-39d2-45c3-80cb-01ae57e2a6b9,COOP,,0.0,1
f8097625-2c11-4779-b634-da6b9148ea5e,b22aefca-16f8-483d-9424-2624637b03aa,81c8c447-cbaf-4be5-9101-9edee26637e3,COOP,,0.0,1
00caaace-400d-463e-913b-acafae3bd739,b2c2fa1b-1bbd-4f4a-98ad-fb64babae569,4b99fd4d-39d2-45c3-80cb-01ae57e2a6b9,COOP,,0.0,0
3fbf598a-c99c-4588-8500-affe8244a9ec,b2c2fa1b-1bbd-4f4a-98ad-fb64babae569,3c46dbff-adaf-4781-812e-3ac1be41114b,COOP,,0.0,0
45191fbf-c9aa-4710-943b-c833e453bedb,b3f0d7aa-6613-4d0d-8b1d-203b8cc4bfa7,3c46dbff-adaf-4781-812e-3ac1be41114b,B,,0.0,0
8edd40d9-d976-4f71-af0b-2c7e5477edc9,b3f0d7aa-6613-4d0d-8b1d-203b8cc4bfa7,81c8c447-cbaf-4be5-9101-9edee26637e3,B,,0.0,0
95b3eadd-b25b-403b-97d9-5d648f010f65,b3f0d7aa-6613-4d0d-8b1d-203b8cc4bfa7,fd56f26f-34b0-47b4-9e1e-d6c18ea5634d,A,,0.0,1
a9d6078a-f81a-4d0c-9490-7cc930d08996,b3f0d7aa-6613-4d0d-8b1d-203b8cc4bfa7,4b99fd4d-39d2-45c3-80cb-01ae57e2a6b9,A,,0.0,1
fc992287-4e38-411c-967a-b9a8d01f4a4e,b4620790-e43f-49d8-8c51-3f3f2de8e317,3c46dbff-adaf-4781-812e-3ac1be41114b,,1,38.0,1
bbaccae4-7aab-4464-a5c3-255c93628c59,b4620790-e43f-49d8-8c51-3f3f2de8e317,a790bb25-35f1-4e69-aef6-d91bb9470f3c,,2,12.0,0
3280d9de-f1ea-437e-83e7-fcf3ea80894a,b600d585-cda7-4d7c-a88e-25da1d3dc8a7,3c46dbff-adaf-4781-812e-3ac1be41114b,B,,0.0,1
b9bd516e-160d-43be-9bd6-da8677cc17fc,b600d585-cda7-4d7c-a88e-25da1d3dc8a7,fd56f26f-34b0-47b4-9e1e-d6c18ea5634d,A,,0.0,0
df99fdf6-9f4b-44ec-8274-f17091d6e676,b600d585-cda7-4d7c-a88e-25da1d3dc8a7,4b99fd4d-39d2-45c3-80cb-01ae57e2a6b9,A,,0.0,0
e93d1d20-0290-4926-8c72-4cf1ea9cb9f3,b600d585-cda7-4d7c-a88e-25da1d3dc8a7,81c8c447-cbaf-4be5-9101-9edee26637e3,B,,0.0,1
4b850ef9-0b34-404a-925a-ae4dab0f156f,b7860d2e-c8dd-4157-8370-ca28521af075,81c8c447-cbaf-4be5-9101-9edee26637e3,COOP,,0.0,0
9594519e-6ed8-4ce2-9d6f-879fe473aeaf,b7860d2e-c8dd-4157-8370-ca28521af075,3c46dbff-adaf-4781-812e-3ac1be41114b,COOP,,0.0,0
8b0eccc9-9785-40dd-8295-74971e815d4b,b845b443-8080-4e44-8e23-5ae77642cff6,81c8c447-cbaf-4be5-9101-9edee26637e3,COOP,,0.0,1
aecfe109-3134-43f0-a581-5d6a4728aecd,b845b443-8080-4e44-8e23-5ae77642cff6,3c46dbff-adaf-4781-812e-3ac1be41114b,COOP,,0.0,1
483917d5-5e59-4485-9c5f-942e995c686e,c06bf63f-189a-4218-a4c5-a44998d65150,3c46dbff-adaf-4781-812e-3ac1be41114b,,1,0.0,1
c3d952bf-0294-4eaf-aed1-b98594b4704f,c06bf63f-189a-4218-a4c5-a44998d65150,fd56f26f-34b0-47b4-9e1e-d6c18ea5634d,,2,0.0,0
d410cdd3-07a3-40b3-90c8-725bb98bfbb8,c06bf63f-189a-4218-a4c5-a44998d65150,2c8af4b7-a3cb-461d-9c2c-9176a32d2624,,3,0.0,0
f35588d3-a0cf-4f4c-b8e7-2b023a03ee88,c10c3976-96a9-41a0-ad16-65cc1261d7a1,3c46dbff-adaf-4781-812e-3ac1be41114b,COOP,,0.0,1
fe1daf2f-3ea4-49f5-b2c9-8464238dfd02,c10c3976-96a9-41a0-ad16-65cc1261d7a1,4b99fd4d-39d2-45c3-80cb-01ae57e2a6b9,COOP,,0.0,1
b1b43f55-4383-43c2-8253-02246fc17a72,c19208af-2212-4284-9812-110ad363eb1c,3c46dbff-adaf-4781-812e-3ac1be41114b,,1,8.0,1
3b1cc053-947a-4bfc-b750-d2a50ed29c75,c19208af-2212-4284-9812-110ad363eb1c,3c2deced-ddd6-49e8-b3cf-5d1dfb04d45f,,2,7.0,0
3bf7d6c0-28b0-48a8-8cfd-eb1bc4dee01e,c19208af-2212-4284-9812-110ad363eb1c,3958cc97-5507-421f-a821-fd80cc9e7f7f,,2,7.0,0
ffa6bf54-7b54-4998-9ac7-347a9d921da5,c19208af-2212-4284-9812-110ad363eb1c,0adcf663-60e0-4211-892e-245db6dd38db,,4,3.0,0
8b5c9c62-bacf-4a19-81df-acdbd4a63877,c35d0482-4e2b-4b99-abb5-24b27f47ce36,81c8c447-cbaf-4be5-9101-9edee26637e3,,1,0.0,0
dbf346c5-12dd-432b-9470-534663eedadb,c35d0482-4e2b-4b99-abb5-24b27f47ce36,fd56f26f-34b0-47b4-9e1e-d6c18ea5634d,,2,0.0,0
264f8469-808b-4dfe-9bee-d0959dea3559,c35d0482-4e2b-4b99-abb5-24b27f47ce36,3c46dbff-adaf-4781-812e-3ac1be41114b,,3,0.0,0
22d23b9d-90fa-4279-b91a-dc721c63d6fd,c7c837ca-ef60-4e0d-93c4-fb3f139e7fd0,80504ce3-8d54-4c10-8d34-7e400027caa4,B,,0.0,0
49523ed5-587e-498e-ad25-6ee50680270b,c7c837ca-ef60-4e0d-93c4-fb3f139e7fd0,fd56f26f-34b0-47b4-9e1e-d6c18ea5634d,B,,0.0,0
71f79ee3-e57a-46d9-8440-0a3b3f8303b7,c7c837ca-ef60-4e0d-93c4-fb3f139e7fd0,3c46dbff-adaf-4781-812e-3ac1be41114b,A,,0.0,1
e1224c0a-652d-454c-96ea-9f8d619a49ce,c7c837ca-ef60-4e0d-93c4-fb3f139e7fd0,81c8c447-cbaf-4be5-9101-9edee26637e3,A,,0.0,1
f588fa96-4f70-4f5d-9bde-0a71d214f2ef,c7c837ca-ef60-4e0d-93c4-fb3f139e7fd0,4b99fd4d-39d2-45c3-80cb-01ae57e2a6b9,A,,0.0,1
6a607312-f616-4e9d-8e6a-174ca79531da,c91773a9-12d2-45c8-9cb2-abec821bdee7,81c8c447-cbaf-4be5-9101-9edee26637e3,A,,0.0,1
a80574ed-2588-492a-b1bf-74e229098a65,c91773a9-12d2-45c8-9cb2-abec821bdee7,fd56f26f-34b0-47b4-9e1e-d6c18ea5634d,B,,0.0,0
bd98f337-c809-4748-a690-57d281916234,c91773a9-12d2-45c8-9cb2-abec821bdee7,3c46dbff-adaf-4781-812e-3ac1be41114b,A,,0.0,1
ccffb57d-b396-4075-a07c-961e2d34f6c4,c91773a9-12d2-45c8-9cb2-abec821bdee7,4b99fd4d-39d2-45c3-80cb-01ae57e2a6b9,B,,0.0,0
1037ca77-1a87-44be-9236-b0ada7ed608b,d3210774-b372-4327-8917-5260807106ce,3c46dbff-adaf-4781-812e-3ac1be41114b,,1,0.0,0
d5b34d18-556c-46f5-98f1-971a7bf8022c,d3210774-b372-4327-8917-5260807106ce,81c8c447-cbaf-4be5-9101-9edee26637e3,,2,0.0,0
14e5cac3-eee3-4299-b28a-a2968a7c6cae,d61e34f4-1b4e-4c29-ae3b-dd4b50be8cb7,4b99fd4d-39d2-45c3-80cb-01ae57e2a6b9,COOP,,0.0,0
a1798d57-8e58-4dd8-affb-65080239ddef,d61e34f4-1b4e-4c29-ae3b-dd4b50be8cb7,3c46dbff-adaf-4781-812e-3ac1be41114b,COOP,,0.0,0
0d38e4e1-7d3d-4ea7-b3b5-68ec7933aa1b,d625d17a-271d-45fe-b93a-76a5ecb603ce,81c8c447-cbaf-4be5-9101-9edee26637e3,COOP,,0.0,1
3f157d4b-a8e0-4f3f-b987-479ad1fbf02c,d625d17a-271d-45fe-b93a-76a5ecb603ce,3c46dbff-adaf-4781-812e-3ac1be41114b,COOP,,0.0,1
36e67d6f-a6cb-49c2-bea8-51d368ab1c7e,d7f5b141-7fa1-4017-b78c-d80eb27b5031,81c8c447-cbaf-4be5-9101-9edee26637e3,COOP,,0.0,1
a5d2f9d9-6f1f-4dd2-b8d1-742b7b9a5ed6,d7f5b141-7fa1-4017-b78c-d80eb27b5031,3c46dbff-adaf-4781-812e-3ac1be41114b,COOP,,0.0,1
895e49ea-81db-49e5-a105-3b53fd6d17e4,d82fff33-7a14-4ded-ad8c-bb0d99887911,3c46dbff-adaf-4781-812e-3ac1be41114b,,1,0.0,1
20e3549c-ad26-47f0-afbb-54ada023ffca,d82fff33-7a14-4ded-ad8c-bb0d99887911,fd56f26f-34b0-47b4-9e1e-d6c18ea5634d,,2,0.0,1
880dd819-e0b1-4d35-9966-e840b19d2191,d82fff33-7a14-4ded-ad8c-bb0d99887911,81c8c447-cbaf-4be5-9101-9edee26637e3,,3,0.0,1
4029f511-87d5-4f12-9aed-31724fbe0615,db5b5a91-4274-4dd4-b7ae-3be33ae18216,fd56f26f-34b0-47b4-9e1e-d6c18ea5634d,B,,0.0,0
471d3d65-0d67-4c72-848e-2b6258af46c6,db5b5a91-4274-4dd4-b7ae-3be33ae18216,3c46dbff-adaf-4781-812e-3ac1be41114b,A,,0.0,1
a83e6841-f1c6-43f2-a34c-c1aab8f67112,db5b5a91-4274-4dd4-b7ae-3be33ae18216,4b99fd4d-39d2-45c3-80cb-01ae57e2a6b9,B,,0.0,0
ba9651f9-2250-4488-86d8-e1555a5bec7c,db5b5a91-4274-4dd4-b7ae-3be33ae18216,81c8c447-cbaf-4be5-9101-9edee26637e3,A,,0.0,1
1bb2164e-2066-49f8-95ab-3f39ae7a22f3,dc04840a-41b4-46c9-80fd-b3278af7ad19,3c46dbff-adaf-4781-812e-3ac1be41114b,COOP,,0.0,0
2b9c84bb-49fd-444c-992c-805b76bd9a2c,dc04840a-41b4-46c9-80fd-b3278af7ad19,4b99fd4d-39d2-45c3-80cb-01ae57e2a6b9,COOP,,0.0,0
02d7a9d1-eb7e-4ecc-8a27-249d4201cf02,dc0f14b0-19f9-4471-8fb8-fe327a7d81b0,3c46dbff-adaf-4781-812e-3ac1be41114b,,1,0.0,1
3df5267c-19c4-442a-812a-40861b4b778f,dc0f14b0-19f9-4471-8fb8-fe327a7d81b0,81c8c447-cbaf-4be5-9101-9edee26637e3,,2,0.0,0
7f86cc56-b5f9-4d77-9e4e-26307d5533dd,de4745bc-b8c0-4042-b2d4-af9347b83779,80504ce3-8d54-4c10-8d34-7e400027caa4,COOP,,2.0,1
ac568f86-6350-4890-84de-9bba27e7d0aa,de4745bc-b8c0-4042-b2d4-af9347b83779,3c46dbff-adaf-4781-812e-3ac1be41114b,COOP,,2.0,1
b0d4cd47-fcec-4a90-ac51-ca5ba227b591,de4745bc-b8c0-4042-b2d4-af9347b83779,4b99fd4d-39d2-45c3-80cb-01ae57e2a6b9,COOP,,2.0,1
c352cb9b-41ff-49d1-a8e5-1e65361ddf7b,de4745bc-b8c0-4042-b2d4-af9347b83779,81c8c447-cbaf-4be5-9101-9edee26637e3,COOP,,2.0,1
d11ad67b-66be-4918-b59b-a8d8fe1a482a,deab7a6c-c3ce-48d6-916e-7108641a718e,3c46dbff-adaf-4781-812e-3ac1be41114b,,1,0.0,1
7b96f80b-555f-4525-8908-ffa1317aa139,deab7a6c-c3ce-48d6-916e-7108641a718e,4b99fd4d-39d2-45c3-80cb-01ae57e2a6b9,,2,0.0,0
8d338418-5f03-4e65-b9c5-514ffbe1ee9c,deab7a6c-c3ce-48d6-916e-7108641a718e,81c8c447-cbaf-4be5-9101-9edee26637e3,,3,0.0,0
846866ba-e10b-4f12-bc3f-6e429d61651a,deab7a6c-c3ce-48d6-916e-7108641a718e,80504ce3-8d54-4c10-8d34-7e400027caa4,,4,0.0,0
3cb72d53-c013-4b83-8468-62c9293f612b,e5385c23-7667-439a-b0f0-50c33aeeb7dd,81c8c447-cbaf-4be5-9101-9edee26637e3,COOP,,0.0,0
b56c33c1-a96b-4c25-9e59-f965082c53a8,e5385c23-7667-439a-b0f0-50c33aeeb7dd,3c46dbff-adaf-4781-812e-3ac1be41114b,COOP,,0.0,0
ce39631d-363a-40cb-bbd7-4e7f366e6dc1,e5385c23-7667-439a-b0f0-50c33aeeb7dd,4b99fd4d-39d2-45c3-80cb-01ae57e2a6b9,COOP,,0.0,0
16209fd1-cc7a-4e2f-bb1b-fcf69aca28f7,e6d1a65b-1be4-481d-bb18-10fbbfcbcf51,4b99fd4d-39d2-45c3-80cb-01ae57e2a6b9,COOP,,0.0,1
6e791493-e461-4239-8ca6-f9a77b66214c,e6d1a65b-1be4-481d-bb18-10fbbfcbcf51,81c8c447-cbaf-4be5-9101-9edee26637e3,COOP,,0.0,1
4418fd44-55f8-408d-9138-fb9cff1b7b0b,e8339d70-d087-455e-87bf-e60ad0eaa744,3c46dbff-adaf-4781-812e-3ac1be41114b,COOP,,0.0,1
9e5742ac-e855-4d41-a1c2-6cbc5c520eb5,e8339d70-d087-455e-87bf-e60ad0eaa744,81c8c447-cbaf-4be5-9101-9edee26637e3,COOP,,0.0,1
b099cb18-2ab8-4999-a824-4fa8044ad902,e8339d70-d087-455e-87bf-e60ad0eaa744,80504ce3-8d54-4c10-8d34-7e400027caa4,COOP,,0.0,1
728b64ff-cfb8-4811-aff1-be8b84a3074f,e8ec7f02-1a06-4656-bc9d-a4fe52050b8a,3c46dbff-adaf-4781-812e-3ac1be41114b,,1,0.0,1
f7158c70-95ee-4b55-8830-340aaab85727,e8ec7f02-1a06-4656-bc9d-a4fe52050b8a,5ad3aa54-a106-410d-ba91-e29bd26f2ddb,,2,0.0,0
209d1349-402a-4caa-a33c-a1623ede6a54,e8ec7f02-1a06-4656-bc9d-a4fe52050b8a,ff75aa91-a119-48f6-9290-c08ff9226f50,,3,0.0,0
b5e5498c-6020-4521-953c-3084e41d57e4,e9aa5bb0-80af-4f5f-8df7-e441c8ee69ab,fd56f26f-34b0-47b4-9e1e-d6c18ea5634d,A,,0.0,1
bcd2814d-87de-4e0c-b54e-054beedf6c17,e9aa5bb0-80af-4f5f-8df7-e441c8ee69ab,81c8c447-cbaf-4be5-9101-9edee26637e3,A,,0.0,1
dbc721ee-f115-4c51-a40a-2b8ff1252c4a,e9aa5bb0-80af-4f5f-8df7-e441c8ee69ab,3c46dbff-adaf-4781-812e-3ac1be41114b,B,,0.0,0
e89e6d1c-7956-45a8-bcde-e6fdafff4ada,e9aa5bb0-80af-4f5f-8df7-e441c8ee69ab,4b99fd4d-39d2-45c3-80cb-01ae57e2a6b9,B,,0.0,0
268a843f-a02e-4f99-99ae-7ed85a8e982b,f2c329a2-d1d7-4897-b82a-12dd3c3f04ef,81c8c447-cbaf-4be5-9101-9edee26637e3,A,,0.0,0
4e6cc671-1038-46a9-8f73-4e54220ca0f2,f2c329a2-d1d7-4897-b82a-12dd3c3f04ef,3c46dbff-adaf-4781-812e-3ac1be41114b,B,,0.0,1
4ee2ca86-2889-4cb1-b28f-2072021100a3,f2c329a2-d1d7-4897-b82a-12dd3c3f04ef,fd56f26f-34b0-47b4-9e1e-d6c18ea5634d,B,,0.0,1
ba502ca3-e49b-4056-aedd-4ab615d9f8a9,f2c329a2-d1d7-4897-b82a-12dd3c3f04ef,4b99fd4d-39d2-45c3-80cb-01ae57e2a6b9,A,,0.0,0
2d4b6304-6968-449b-99b4-8d505d84e142,f65275ad-826f-4796-9615-699a27704b10,fd56f26f-34b0-47b4-9e1e-d6c18ea5634d,B,,0.0,1
8643caae-5c7d-449a-b3a4-0706a032c30e,f65275ad-826f-4796-9615-699a27704b10,3c46dbff-adaf-4781-812e-3ac1be41114b,A,,0.0,0
ca15a25a-d0e0-4c65-b7cd-631be75d6654,f65275ad-826f-4796-9615-699a27704b10,81c8c447-cbaf-4be5-9101-9edee26637e3,A,,0.0,0
d5fad07b-ca03-4684-bdb4-6ea5ca833aa4,f65275ad-826f-4796-9615-699a27704b10,4b99fd4d-39d2-45c3-80cb-01ae57e2a6b9,B,,0.0,1
2da081dd-227d-4f80-a817-4a4a2cbfd763,fae9041f-6c51-4b56-92de-637d386c8cde,fd56f26f-34b0-47b4-9e1e-d6c18ea5634d,COOP,,0.0,0
a48e1df2-7187-40f5-94b6-9ec8e12a798d,fae9041f-6c51-4b56-92de-637d386c8cde,3c46dbff-adaf-4781-812e-3ac1be41114b,COOP,,0.0,0
af46d7ee-8643-414d-b0b6-43b156a51cf5,fae9041f-6c51-4b56-92de-637d386c8cde,7df778e0-7327-45ba-93e5-b79b31bebca3,COOP,,0.0,0
b69bbec8-93e7-42ea-a674-36ee732c50f4,fbfae291-393a-4746-b651-6e90230628e1,81c8c447-cbaf-4be5-9101-9edee26637e3,COOP,,0.0,1
c72a1599-d5c1-4987-8dc8-656ce2b0cfca,fbfae291-393a-4746-b651-6e90230628e1,3c46dbff-adaf-4781-812e-3ac1be41114b,COOP,,0.0,1
